spotify_id,nome,artista,acousticness,danceability,energy,instrumentalness,key,liveness,loudness,mode,speechiness,tempo,valence
52LVnKB4Vs9XMi4rm4StNT,It's Not Up To You,Bjork,586,561,438,204,6,588,-12.414,0,574,79.928,312
2dkeRnIM7fXKBkkHvkz91v,Like Someone In Love,Bjork,965,394,152,5.9e-05,7,166,-14.953,1,394,70.058,777
6YoNajB4BxG971cu0Q1BoE,You've Been Flirting Again,Bjork,951,179,517,365,5,121,-21.043,1,412,103.297,0.17
6JrmglKffvzzCZCtMEdUtk,Unravel,Bjork,789,186,385,0.0,7,157,-9.811,1,332,85.837,545
1R2UhZCSxL1N4kcwa929Fu,Crying,Bjork,571,654,676,271,4,487,-11.164,0,306,116.202,718
48oX55j4gqDw0G80KxzpaQ,Venus As A Boy,Bjork,307,622,402,372,1,697,-11.751,1,34,136.261,826
2runFrIwOg5p2HZo1oymEL,There's More To Life Than This,Bjork,553,728,507,846,7,948,-12.947,1,384,124.234,714
5diiEB0edX69v9x3e96NyO,Big Time Sensuality,Bjork,7.03e-05,722,721,16,1,142,-12.248,0,945,118.59,0.53
1k9y7iGRJvg5Kdvd94SGTi,One Day,Bjork,41,615,515,246,0,113,-13.332,1,356,105.175,0.19
1iBP7S79utGK7w8ud2GwwD,Aeroplane,Bjork,863,638,0.29,324,7,146,-14.053,1,311,104.634,138
17tCBb8odaNBZivCojHhvw,Come To Me,Bjork,254,485,591,3.98e-05,5,114,-13.598,1,332,173.449,309
66KzeZCQCe1dUl13nCasOv,Violently Happy,Bjork,266,692,0.61,819,7,128,-14.426,1,496,120.334,252
1HFvDETKd9km5DRGd4DkrA,Immature - Mark Bell's Version,Bjork,365,0.35,767,226,6,977,-7.203,0,438,187.953,106
2w0wVOiydK5a5e5UqffWwS,Hyper-ballad,Bjork,252,527,441,139,5,378,-13.034,0,33,134.99,354
4QJBOGf8BiuVDoGmSQM8p3,The Modern Things,Bjork,241,428,386,0.0,4,262,-13.544,1,415,67.025,377
45Ok4AREEWfPIBZ4ylCXK7,It's Oh So Quiet,Bjork,662,467,0.13,0.0,5,711,-14.154,0,513,127.559,231
05meZdvKNj4FBxNbdMgpT6,Isobel,Bjork,651,593,564,318,9,113,-11.237,1,299,100.039,182
104n46NrvCQ2qXoBWY35ch,Possibly Maybe,Bjork,775,383,132,305,11,203,-17.177,1,337,57.476,183
2pDMVFdeAsFI73DDekyvDf,I Miss You,Bjork,246,635,764,441,2,211,-10.654,0,383,120.934,0.11
3DwWbiYkm7oZ2nUnNO1Jcx,Headphones,Bjork,685,499,296,334,11,102,-28.878,0,401,170.179,819
2nKm2PzPQ3PLOCSEHetFxz,Hunter,Bjork,152,326,668,507,8,863,-10.359,1,88,79.765,171
6txguGr32i8SpgZ4KEKQQG,Bachelorette,Bjork,57,442,911,9.27e-06,0,103,-4.358,0,738,96.925,347
4PbYKPKq2hpDXV3YckN5tW,All Neon Like,Bjork,594,529,518,111,0,673,-10.182,0,41,152.123,236
3mmB2OL6YP2FwMR6eQ5mp5,5 Years,Bjork,159,467,897,168,5,288,-5.974,1,359,82.899,496
5ghdg3LmJ6u8SQNDAXQ58T,Alarm Call,Bjork,266,656,879,1.91e-06,5,901,-5.115,0,629,97.059,631
0zgPZSkp20PSuyToQ0lZ0h,Pluto,Bjork,271,611,0.83,368,8,808,-4.578,1,182,147.996,262
1Y4aFRwAwE5Ghm24vaYrnR,Hidden Place,Bjork,503,491,788,371,9,112,-10.357,0,156,149.826,422
7CfR16ahj7mi6OwTZaPBri,Cocoon,Bjork,635,794,0.37,111,1,109,-14.897,1,526,127.882,112
4HuzulSsDeFqvq3e84ZIrI,Undo,Bjork,0.78,452,365,681,2,114,-11.891,0,35,115.8,549
2uMm657euPoE7Vgaukuupl,Pagan Poetry,Bjork,505,521,459,7.91e-06,1,868,-8.231,0,295,132.022,179
7ESAiaiNmtWh7bzqJpCGxU,Aurora,Bjork,0.37,568,581,2.73e-05,9,814,-8.319,0,341,120.006,278
6e2DqJ8wXuS3e5zuBPaHGL,"An Echo, A Stain",Bjork,0.58,351,512,193,2,858,-13.353,1,687,127.913,729
3nschTSboTkjPwgdbrRLyf,Joga,Bjork,402,305,696,7.21e-05,1,741,-6.301,0,598,146.456,222
3CgRrPkrjTeBH4a9JlcCVZ,All Is Full Of Love - Howie's Version,Bjork,666,146,318,3.8e-05,11,111,-9.392,1,376,138.227,364
7kyQeUJ6g5GQNHUfV2f79v,Frosti,Bjork,638,434,358,555,6,305,-12.814,1,347,147.896,154
6MYYN85MjM7TARWshRwjyW,Human Behaviour,Bjork,448,687,635,274,2,968,-14.667,1,366,109.453,547
2x9arVHUqJjyGCcIhiPWGY,The Anchor Song,Bjork,935,424,294,0.0,0,621,-14.807,1,679,173.615,391
4UFQBhIOgANiBG44USIgsf,Army Of Me,Bjork,815,0.46,0.69,7.78e-05,6,267,-9.225,1,34,172.111,491
4N4qSX4RpU7U5TW6PMg84a,Enjoy,Bjork,172,548,879,754,2,129,-10.719,1,478,84.183,457
2s3mDbXJ6sqh1IP7yw5aEl,Cover Me,Bjork,939,366,296,603,9,652,-22.515,0,426,89.763,282
4BIbhfDK6x80KpyR7g6gze,Family,Bjork,892,175,286,266,8,112,-13.01,0,379,78.215,391
17DNqXJCKp5ku17UUvzFj9,Stonemilker,Bjork,0.12,133,257,608,2,0.1,-13.545,1,317,82.163,501
4R6JvOtTKJ1WZURbedVknL,Lionsong,Bjork,548,291,296,1.25e-06,7,173,-13.292,0,472,142.708,634
4Ljm5JMrUZp88Uxq6qioOH,History Of Touches,Bjork,797,255,143,0.0,1,0.18,-15.36,1,31,165.406,136
5qfJSItAIEndephCzfQ6Nu,Black Lake,Bjork,473,241,219,81,3,823,-15.15,0,362,135.914,364
0NdYYigNfQqzL0k0ZxAlPQ,Notget,Bjork,504,309,573,729,9,88,-12.629,0,0.36,178.769,218
7gZ03tXzYAfKpRovt1nMUU,Atom Dance,Bjork,0.59,545,0.41,169,5,362,-10.062,1,525,136.0,355
0jScPW4VvJDNviR3YrPtas,Mouth Mantra,Bjork,598,271,569,587,5,106,-8.174,0,544,76.6,133
4mhuw0kAHPdZeidq1UIAQP,Sun In My Mouth,Bjork,746,254,281,1.33e-05,10,786,-11.012,0,286,89.722,163
0XFWWQ2Csze69J9oIC88RS,Heirloom,Bjork,268,577,369,549,7,787,-11.618,0,477,179.816,497
7qaI6YnDKWOblDUwa6b5jQ,Unison,Bjork,0.38,0.52,0.51,392,5,203,-10.984,1,465,147.89,212
1IPwLXziyeuNfp63Dz6ePj,Harm Of Will,Bjork,968,0.25,143,531,1,86,-16.228,1,326,85.771,768
3NAxXFxc3F9TkgNdf5p5ud,Quicksand,Bjork,343,604,787,118,2,883,-7.453,1,444,149.982,318
0OF14BivUjlWIsSkM8YkID,Estrada Do Sol,Gal Costa,612,437,289,0.0,0,739,-14.636,1,321,146.338,358
2m1G38M0gJuE4aVPh0tmIP,Balance,Gal Costa,849,638,736,0.0,9,333,-10.536,1,811,144.823,881
1jS40a1EenwV8LbkFJ7N4r,Solar,Gal Costa,789,489,0.33,4.35e-06,4,158,-13.867,0,369,105.93,158
3myEwOVzxFHy35whbExH85,Groupie / Musicas Incidentais,Gal Costa,722,444,441,297,5,512,-16.332,1,893,114.161,644
6wXKVwv9OBiiEOS5W3Ylhw,Noites Cariocas (Minhas Noites Sem Sono),Gal Costa,407,513,668,0.0,11,101,-12.475,0,996,177.433,914
1DIC7C6GzE9S7tqwsUkdMp,India,Gal Costa,0.51,457,0.18,0.0,2,124,-15.707,1,343,97.725,463
5LUvxwjUfv42t4Y6uXZoU3,Musa Cabolca,Gal Costa,679,738,485,247,2,117,-13.208,1,381,96.524,858
6OwTwISVd3Nfk9CaXIEUg2,"Bahia, Minha Preta",Gal Costa,326,747,591,204,2,163,-10.26,1,397,89.345,961
04O9xGFtrICRAkCvCeB2Xq,Bumbo Da Mangueira,Gal Costa,445,773,758,264,4,819,-10.494,1,665,95.854,968
1sJ4kZlieB05DnNYCFN1Jw,Erratica,Gal Costa,955,564,683,1.65e-06,5,917,-15.39,1,428,110.096,213
6sKopGG4r21ObTE8V6pD6x,Forca Estranha,Gal Costa,0.87,0.6,0.12,0.0,7,88,-12.805,1,502,60.761,439
6jBbwohnRTLJTATcHNXrIX,A Preta Do Acaraje,Gal Costa,0.63,447,443,0.0,9,102,-13.699,0,247,97.181,371
02I5U6Hwv0jojcoJaFYPw5,Dez Anos,Gal Costa,714,542,505,3.92e-06,5,294,-12.265,1,657,111.208,657
2XNOX43RojgKRDjm0nLLL7,Olha,Gal Costa,566,687,479,7.09e-05,2,122,-14.132,1,277,106.112,0.48
2FcTHT7YIsJuJNbVYk3n19,Juventude Transviada,Gal Costa,305,741,482,0.0,2,108,-11.966,1,845,107.776,407
052aelzpn96BiGSHLfblmZ,O Bater Do Tambor,Gal Costa,972,473,668,0.0,1,344,-10.787,0,216,144.322,868
7bABDpHPCPc55rCBnjmljA,Meu Nome E Gal,Gal Costa,904,643,769,16,7,781,-10.928,0,0.1,95.481,845
1WnuBytsKyK75FtGPRLIML,Mae da Manha,Gal Costa,862,681,165,6.14e-06,2,924,-13.177,0,356,93.51,0.48
3JrC6XLT4pa4VVUljeQh0u,Gratitude,Gal Costa,953,476,513,2.01e-06,2,113,-17.153,1,35,78.418,151
7DqPokh94js5rJUQf1mMtV,Eu Vou Lhe Avisar,Gal Costa,102,807,625,4.07e-05,5,105,-11.132,1,425,93.243,945
2H7I1wNok0IoFILmJlW5zn,Nuvem Negra,Gal Costa,576,721,184,0.0,9,112,-17.424,0,442,138.381,582
2swRPS7Kri7xGXJFjZSanu,Samba Rasgado,Gal Costa,478,672,709,0.0,1,413,-13.132,0,165,103.163,0.94
6eEO2Kdb1A5GuE38HF8DlG,Sutis Diferencas,Gal Costa,524,535,644,119,8,288,-11.584,0,48,107.776,402
7bYWRdWnk84hsTj9h7kvad,Bahia De Todas As Contas,Gal Costa,417,737,0.7,8.57e-05,5,148,-12.0,1,947,103.609,878
2dTsalEmqS8N8dQ4FRCGEC,Sim Ou Nao,Gal Costa,528,405,409,2.34e-06,1,203,-10.408,1,289,119.105,157
14HD3dj9wrZt4cFqxVF9Ns,Grande Final,Gal Costa,302,533,697,0.0,7,638,-10.421,0,199,140.573,728
49U4mc1sXfZlMoGeFpDmYP,Rumba Louca,Gal Costa,289,734,788,0.0,7,346,-9.466,1,111,106.972,895
4HjOHnfZDnI8GBX58g4eZb,Olhos Do Coracao,Gal Costa,679,586,604,2.25e-06,4,112,-10.792,0,618,129.83,839
6gyktdYvwcxqlLt69yP9ty,De Flor Em Flor,Gal Costa,786,473,443,0.0,7,201,-12.16,1,461,77.509,426
2yxjJdeGee4MXk1JV474Jv,Ave Nossa,Gal Costa,0.3,0.67,417,0.0,2,121,-16.812,1,168,104.841,566
2GwtezywVBW9LQkupMBjY2,Lavagem Do Bonfim,Gal Costa,505,771,633,469,7,103,-9.399,0,354,90.054,0.9
5bdLUAp16jcUei1U3vXBNG,Voce e Voce,Gal Costa,751,469,191,1.07e-05,2,174,-12.614,1,392,183.86,475
4sNur9bZAPcDU9PonsqQwM,Chuva de Prata (feat Roupa Nova),Gal Costa,617,741,333,161,0,724,-16.235,1,331,116.966,524
2c0AOHqobxdAzsMCqANu7V,Nada Mais (Lately),Gal Costa,741,325,126,4.59e-06,5,516,-16.558,1,314,75.914,108
1EJYIZO30gA9EMFWp3ShGe,Cabeca Feita/Tililingo/Tem Pouca Diferenca,Gal Costa,177,0.56,702,0.0,4,375,-13.403,1,254,114.242,819
19eQAAUdPF6NQdg7k58VEc,Atras da Luminosidade,Gal Costa,869,646,789,1.8e-06,11,382,-13.1,1,682,147.193,881
0A6clrj2p2v17FxInnPhP9,De Volta ao Comeco,Gal Costa,425,438,285,9.42e-05,10,0.18,-17.165,1,414,172.897,0.36
6SipVtMYeSuZqhpcodHKtU,Onde Esta o Dinheiro,Gal Costa,129,687,744,327,3,135,-11.523,1,412,147.322,962
6hZ3kkJiTkjd2Y1jjZa8oT,Topazio,Gal Costa,747,565,304,1.39e-05,4,133,-15.922,0,376,85.554,297
0YU75pIqd8tlI7UdYOiTJ9,O Revolver Do Meu Sonho,Gal Costa,819,596,665,25,4,237,-12.35,1,325,140.806,773
5fW1ZkE0ze8v5J7fp82XaV,Serene,Gal Costa,946,491,0.09,212,0,926,-17.322,1,347,134.607,135
3hYtvPSovBfIytGGydzJsZ,Alcohol,Gal Costa,115,819,821,2,7,442,-7.642,1,749,95.406,0.81
3z0VsIqM5LtZelkyrLEb7G,Never Gonna Give You Up / Abalou,Ivete Sangalo,457,0.54,951,816,1,404,-6.122,0,119,150.045,626
1Z1XFWR9jucE8mmxkEP7tP,Nao Quero Dinheiro (So Quero Amar),Ivete Sangalo,368,539,959,0.0,7,691,-7.097,1,188,149.99,418
2Fbcy5UiPifNNi25DtdPIi,Berimbau Metalizado,Ivete Sangalo,347,692,938,1.51e-05,11,983,-6.689,0,772,90.0,808
72k3AHRLMfr00Ze0WIHxQW,Corazon Partio - Live,Ivete Sangalo,0.67,374,852,0.0,5,775,-7.333,1,804,86.023,629
6jMBGpQwWgdWwmh4il3NVK,Nao Me Conte Seus Problemas,Ivete Sangalo,567,0.64,915,199,5,977,-7.739,0,977,109.967,597
2NTomSh86Fy6iHf4DSf49g,Nao Precisa Mudar,Ivete Sangalo,577,529,828,1.47e-05,0,467,-7.118,1,362,90.048,675
3erc3xrLgqK9fegOBAFZKw,Isso Nao Se Faz,Ivete Sangalo,722,643,613,4.61e-06,9,97,-7.296,0,291,136.054,433
6w73nWfw1WvYMVj4jGiLDe,No Brilho Desse Olhar,Ivete Sangalo,247,547,724,0.0,1,228,-6.996,1,403,96.149,567
53JAQ5cTqDCakMAniUjcRC,Balancando Diferente,Ivete Sangalo,118,755,908,345,0,116,-5.649,1,426,110.003,794
65j3soE7ndZAMaJMLe6GoV,So Nos Dois,Ivete Sangalo,703,675,945,343,10,253,-5.236,0,511,124.0,759
4z0sKqCz6oOeknnxMId5AG,So Num Sonho,Ivete Sangalo,0.54,561,557,0.0,2,229,-6.507,1,262,133.822,186
7DT7lcTZBDge2qfzPKg9LJ,Delira Na Guajira,Ivete Sangalo,0.33,704,0.87,0.0,0,192,-5.096,0,347,147.021,941
2WU2YyhtHu3oXBrMwOiYSQ,Real Fantasia,Ivete Sangalo,66,622,891,0.0,6,483,-5.353,0,62,166.072,717
5EybGru1QEuwXMDFjBoOCT,Me Levem Embora,Ivete Sangalo,952,336,262,3,5,124,-11.462,1,305,86.922,255
7pWW81i3iKUqNPrVV99wCK,Eu Nunca Amei Alguem Como Te Amei,Ivete Sangalo,334,646,545,1.64e-05,10,177,-7.817,1,244,132.006,204
1GL59ECaARDtGYRcFPAz2o,Dancando,Ivete Sangalo,159,0.84,818,2.91e-05,11,648,-5.457,0,73,114.039,824
2mxOEuYmgKVxUopp1hFxV0,Qui Bele,Ivete Sangalo,241,0.61,968,0.0,5,867,-5.144,0,155,150.054,716
0ITuYOPXILRdfMovdjwfPI,Brasileiro,Ivete Sangalo,164,515,989,9.97e-05,6,795,-5.754,1,185,138.787,132
7c5ABhymTi0uT61a1eynjn,Festa / Sorte Grande,Ivete Sangalo,594,575,936,127,2,971,-5.484,1,785,148.028,545
6ZSMAODYXf8rPUXktvvDOh,Na Base Do Beijo,Ivete Sangalo,216,518,962,0.0,6,521,-5.162,1,217,158.088,0.51
71UV2drV7lEjS6p4Qu316j,Acelera Ae (Noite Do Bem),Ivete Sangalo,179,617,978,5.94e-05,1,968,-4.195,1,0.12,139.983,452
5tf5sk7EzxDzC8yU0HHOss,Cade Dalila,Ivete Sangalo,824,352,921,0.0,1,0.83,-5.045,1,155,172.359,486
1YXIwJMwyNzpfeDjbNpuXv,Flores (Sonho Epico),Ivete Sangalo,752,512,949,0.0,0,898,-4.964,1,208,170.209,474
63QK8IGfyBepxHKPgDA9GA,Desejo De Amar,Ivete Sangalo,106,591,974,0.0,4,928,-4.729,0,153,172.886,418
04tq46OmNGxlTXSooi5hyq,Darte,Ivete Sangalo,463,633,806,0.0,7,927,-5.327,0,964,98.03,471
3VSAAasWUy69PgX19tsWUx,Pra Falar De Voce,Ivete Sangalo,436,639,941,4.64e-05,5,948,-5.445,1,117,158.024,723
2LJj9BXps4Sk1hPpAfsvaM,Human Nature,Ivete Sangalo,295,579,887,0.0,5,767,-4.941,1,564,92.918,609
4Ls8GUAMWMadyU2bWCyocz,Me Abraca Medley,Ivete Sangalo,546,491,915,0.0,9,0.86,-6.157,1,116,113.115,255
2pQdBjAvy1uQCftZ74NSPo,Where It Begins,Ivete Sangalo,247,544,933,1.77e-05,6,0.87,-4.985,1,556,104.989,529
4NIss4KWIchNRtl6nczMh4,Meu Segredo,Ivete Sangalo,318,634,0.87,116,8,386,-5.742,0,661,82.033,613
1lvAO9CiPHVfvpKjFYWW4y,Berimbau Metalizado,Ivete Sangalo,182,719,948,6.64e-06,11,617,-5.036,0,103,93.974,676
6BHXoRwNkMvZKk27V4cldT,Pensando Em Nos Dois,Ivete Sangalo,481,595,922,3.08e-06,2,924,-5.478,1,202,98.01,434
3zzaLXhF9f5pr8V20pfycx,Easy,Ivete Sangalo,669,509,607,122,0,843,-7.003,0,293,133.223,198
425t0725gK1NOjZgdKUXoR,Ahora Ya Se,Ivete Sangalo,193,413,732,0.0,0,949,-5.516,1,331,173.712,317
623wkDwbgPqhXPTFmrMbsI,Ilumina,Ivete Sangalo,306,607,0.93,0.0,2,0.98,-6.355,1,931,94.008,754
6Oxtjoy16x6u0pSGzAcQjr,Vejo O Sol E A Lua,Ivete Sangalo,222,733,846,0.0,9,231,-5.049,1,48,93.978,856
3y2feYoRGwOLqRm9TDgPkv,Puxa Puxa,Ivete Sangalo,135,753,806,1.71e-06,11,601,-5.26,1,488,104.038,867
6K8w0i3YFNxWqOUoUqPgaV,Dancando,Ivete Sangalo,133,847,825,298,7,698,-5.07,1,688,114.004,0.86
342WZ6jL96qTrTrUMzJSbS,No Meio Do Povao / Citacao: Depois Que O Ile Passar,Ivete Sangalo,105,0.76,884,1.44e-05,8,599,-4.699,1,421,93.994,918
1AUW7NshwVGPAwW0CpPXmL,Essa Distancia,Ivete Sangalo,128,659,776,3.48e-05,11,651,-5.348,0,367,138.066,846
4jKVvDozPlzqFTzJoqvI3m,A Galera,Ivete Sangalo,501,677,898,219,11,501,-6.185,1,532,125.852,962
4BxitSY7F9pdfq4B2qC4I6,Citacao: e Dificil / Chorando Se Foi (Llorando Se Fue) / Preta,Ivete Sangalo,272,608,948,129,2,838,-5.457,0,518,127.983,831
0989mSE1CqgEmRekhhDHPL,Bota Pra Ferver,Ivete Sangalo,368,484,948,495,0,988,-6.113,0,864,172.021,721
2JCJo2D4iPQYZejfeUmYBj,Quando A Chuva Passar - Live,Ivete Sangalo,621,445,636,6.31e-06,9,961,-8.773,0,337,75.014,327
2Dy5jQWeUq63l0DFMjk5qR,Deixo,Ivete Sangalo,625,494,709,4.76e-05,1,699,-8.782,1,336,80.033,501
3kw8L1DTHXvK9EKezZisQ4,Nao Vou Ficar,Ivete Sangalo,209,659,0.91,1,7,0.93,-5.989,1,891,100.04,621
57R1ZYonOLmq8UQnrk6vcq,Nosso Sonho / Conquista / Poder - Medley/Live,Ivete Sangalo,158,646,862,0.0,0,828,-8.199,1,335,134.041,882
4S0qALW1vuLPiGiWGMh0oV,Vem Meu Amor / Nossa Gente (Avisa La),Ivete Sangalo,351,0.54,821,0.0,11,986,-8.836,0,128,164.474,741
2oh9IhwPLdMxtMmyKFZNcj,Flor Do Reggae,Ivete Sangalo,121,614,791,1.78e-05,1,699,-8.774,1,459,164.454,811
3Oz2ATj3mLwmWxxSRfF6zz,Carro Velho,Ivete Sangalo,242,484,916,2.37e-06,11,853,-8.051,0,385,170.727,334
0ErzvgPs50SY7hTdOuM8hf,To Na Rua,Ivete Sangalo,147,467,837,0.0,11,435,-9.206,0,252,172.487,396
0tJLdEUX62lwlG6H87DHTO,"Empurra, Empurra ",Ivete Sangalo,145,551,886,0.0,2,982,-8.246,1,169,175.532,737
3PGWF5SbnOfilzGb505vwN,Chica Chica Boom Chic,Ivete Sangalo,277,728,0.84,5.54e-05,7,771,-8.167,1,597,106.317,779
5jrWBkRdP2Skh2A1HTX3JX,So Pra Me Ver,Ivete Sangalo,398,724,863,0.0,4,662,-8.563,0,103,116.356,666
4qPCEJ3WOxnTEY8yy2BhWQ,Festa,Ivete Sangalo,353,658,882,1.03e-06,7,942,-8.191,1,148,142.062,567
7lmR92qnBmn24Nykw8dCYI,Astral,Ivete Sangalo,237,643,837,2.67e-05,0,679,-8.424,1,952,114.3,594
38D6jO7JDx9nOB7KVNwr64,Faz Tempo,Ivete Sangalo,488,641,632,0.0,9,923,-9.681,1,459,90.305,521
2rVX5xmlOcjKY9dNSRrWM5,A Lua Q Eu T Dei,Ivete Sangalo,652,0.48,526,6.26e-06,0,971,-9.586,0,386,120.402,274
2oUFcJMAqhMSwWCQdrkEdp,Se Eu Nao Te Amasse Tanto Assim,Ivete Sangalo,636,432,419,0.0,2,968,-10.644,1,286,100.043,302
0asXoy7dl9blYrWdO1m7TJ,De Ladinho,Ivete Sangalo,453,661,795,0.0,9,905,-8.533,1,796,104.273,0.59
2mmlqcQfh09vAEYPsexV1K,Perere,Ivete Sangalo,224,538,0.84,0.0,10,0.9,-7.623,0,0.23,172.527,545
3tiaYeDUENdQXkSy9kpqAB,Canibal,Ivete Sangalo,385,0.58,901,0.0,7,755,-7.495,1,286,172.391,442
4lEymc6FBa8fAdY0ouQq75,Pan Americana,Ivete Sangalo,0.62,435,658,0.0,1,756,-10.681,0,212,147.469,0.66
1gsQwdI6ypBnFFZEyH6mtV,Chao Da Praca,Ivete Sangalo,433,546,722,0.0,9,0.94,-11.453,0,317,161.996,424
3H1Ld6NUiVKzfB4QCnePS9,Desperdicou,Ivete Sangalo,589,679,808,0.0,6,976,-9.501,1,651,103.935,0.71
3kLTtSt4YY4aTztR7u3Uyb,Colecao,Ivete Sangalo,676,413,239,4.99e-05,7,962,-18.155,1,406,127.299,215
0Y5Z2yK58TH8xz7fQYhNeb,Levada Louca,Ivete Sangalo,123,518,719,289,11,742,-10.798,0,119,172.044,488
4GxKaxGne8yZAT3DEC0qVR,Pais Tropical / Arere / Taj Mahal,Ivete Sangalo,215,533,947,4.88e-06,4,928,-6.351,1,156,172.951,607
1z1NRMpt1YmaEHxmBpHOBb,Completo - Live,Ivete Sangalo,781,432,501,0.0,9,689,-8.513,1,355,160.348,0.37
19n5IEk5Spg5qearFSCi4a,Dengo de Amor - Live,Ivete Sangalo,504,515,875,9.35e-05,7,366,-5.694,1,702,126.66,906
15npfKQYgJ0cgZDqyB3RyY,Sorte Grande,Ivete Sangalo,951,519,886,3.35e-05,4,0.74,-7.931,0,105,148.465,0.42
5lBweAA2AT4ZQ07DPHBMqR,Arere,Ivete Sangalo,365,488,841,0.0,11,978,-11.903,1,119,169.923,0.43
3XFcR5aTojLGMMSsIKeHTx,Eva (Eva) / Alo Paixao / Beleza Rara,Ivete Sangalo,182,578,895,4.34e-06,11,701,-8.07,0,103,102.367,0.37
3uUCgL0cbSd0isnqhHCm1f,Off To The Races,Lana Del Rey,621,399,721,282,4,278,-5.562,0,523,160.125,113
7LQKuOaqJrNgVIGLFnfvdn,Million Dollar Man,Lana Del Rey,484,382,589,0.0,6,131,-5.991,1,359,65.627,511
1Yfgbr2kZrb3u0NP8ioyuk,American,Lana Del Rey,535,397,585,438,7,976,-6.518,1,359,143.983,0.18
302ZEWd1TDXvA4PLz0UQhj,24,Lana Del Rey,782,284,372,183,8,103,-9.821,0,356,98.181,853
6ayKgleoMF26lvU1Z7wVm7,Cruel World,Lana Del Rey,274,0.33,507,4.65e-06,5,122,-6.368,0,339,122.164,177
1y3r6RXiJZNBV1EI0NggpS,Ultraviolence,Lana Del Rey,278,144,541,1.01e-05,0,101,-7.076,1,38,79.262,899
4VSg5K1hnbmIg4PwRdY6wV,Shades Of Cool,Lana Del Rey,554,262,482,161,2,244,-6.863,0,302,137.918,878
4Ouhoi2lAhrLJKFzUqEzwl,Born To Die,Lana Del Rey,222,428,626,8.22e-05,4,277,-6.639,0,339,86.02,379
0fBSs3fRoh1yJcne77fdu9,Video Games,Lana Del Rey,811,236,249,"1,00E-06",6,87,-9.595,0,348,72.847,181
2vtmY2mSccRzKGjtcHSzI3,Diet Mountain Dew,Lana Del Rey,276,595,696,0.0,10,411,-5.921,0,417,88.013,533
4RyK6N4IQ85xxLgguQAFH5,Blue Jeans,Lana Del Rey,418,558,837,0.0,3,821,-4.405,1,633,117.963,488
4X5zaUdlRhvBWYnyQIKmH8,Honeymoon,Lana Del Rey,953,169,269,828,5,111,-13.265,0,36,74.847,173
34rRFl0bz9PocxWuO2ca5J,Music To Watch Boys To,Lana Del Rey,713,0.4,494,334,1,238,-8.04,0,367,132.016,134
44JxL1qNXXQYniZ5T3MUs9,Terrence Loves You,Lana Del Rey,975,296,0.25,187,7,988,-10.088,1,314,102.031,898
5R65WfxdtxpTNSIloTfIdM,God Knows I Tried,Lana Del Rey,846,398,428,338,5,185,-8.292,0,275,81.017,111
3sYDVtqO35oRSOIMx7dOqR,Freak,Lana Del Rey,269,287,0.43,579,5,0.32,-10.014,0,33,93.984,109
5jqNQZBwbZWQXPWfo0ygZF,Art Deco,Lana Del Rey,544,282,464,215,11,111,-11.112,0,533,148.345,596
14Oj2lH9MMI761zeGgnsyR,Burnt Norton - Interlude,Lana Del Rey,0.9,0.28,304,806,8,135,-18.57,1,359,85.765,523
1Yh4lOCbcskjSfYPDnn7EW,Religion,Lana Del Rey,813,416,459,428,9,102,-9.977,0,366,135.689,175
21qg0IBZf8R12qHd9A3AA4,Salvatore,Lana Del Rey,675,304,311,195,11,0.12,-9.647,0,344,117.68,115
1DYRRZ5rSlc1PopnB7azLZ,Swan Song,Lana Del Rey,636,0.34,361,421,1,259,-11.567,0,294,81.765,392
0iq0P0HYtpChhUNH5KuqQK,Don't Let Me Be Misunderstood,Lana Del Rey,316,327,351,5.93e-06,9,107,-10.488,0,327,80.386,63
6g4RVB6qiuySTw9FCV1HEM,Without You,Lana Del Rey,636,586,593,131,6,115,-8.394,1,329,111.942,668
4MDpkzAyG2X0dmtOU0ZESX,Lolita,Lana Del Rey,744,493,946,4.89e-05,0,351,-4.304,0,124,135.955,134
24h1notzzKOcLZSdRYa7yn,Lucky Ones,Lana Del Rey,778,375,416,2.48e-06,0,0.23,-7.149,1,283,134.923,271
7cNz65PfCatRXoX7QtqM2A,National Anthem,Lana Del Rey,531,532,899,146,0,957,-5.935,0,244,85.0,436
6qqdFWe7C4LsBjWbXQdsHA,Dark Paradise,Lana Del Rey,953,0.6,653,0.0,1,122,-8.309,0,594,119.994,0.43
3taCbWWTilb7eNMsAzOBq4,Radio,Lana Del Rey,188,423,857,2.63e-05,2,105,-5.173,1,687,75.024,196
1FaHPLv48VjsTkPCQOH7bv,Carmen,Lana Del Rey,98,524,427,273,1,129,-9.57,0,297,100.024,379
3BJe4B8zGnqEdQPMvfVjuS,Summertime Sadness,Lana Del Rey,542,565,654,1.8e-06,1,122,-6.826,0,335,111.968,235
1Lw2xRuW5fcieRPfoskgog,This Is What Makes Us Girls,Lana Del Rey,904,534,842,388,2,203,-7.031,0,925,138.004,441
7yFMhCJOsH7khgpdnyrZAZ,Ride,Lana Del Rey,128,373,686,1.96e-06,0,383,-5.52,1,34,93.763,189
3I5azi0831uNpYQsfYsW7G,Cola,Lana Del Rey,699,298,668,2.44e-05,1,0.59,-5.536,0,478,110.063,121
5ZyM4VMzHSaz8OlIZRuZBH,Body Electric,Lana Del Rey,466,245,492,0.0,1,851,-9.397,0,593,167.7,104
5SzoFexynLVceTLggJTZZM,Blue Velvet,Lana Del Rey,812,189,317,719,10,214,-8.631,1,28,84.809,251
4uhSo9cVBVpdDCNxf4MBaP,Gods & Monsters,Lana Del Rey,193,352,725,2.73e-06,8,0.22,-6.463,0,656,189.767,339
2rldjI2fK6nYwlMgaITluf,Yayo,Lana Del Rey,926,506,201,411,3,253,-12.931,0,294,71.925,145
7E8A5k5VOhPmt6pGPDJhxQ,Bel Air,Lana Del Rey,864,346,0.42,875,2,901,-11.506,0,298,83.56,303
7g3htkaLz4ETFn0cifwM3y,High By The Beach,Lana Del Rey,244,536,486,788,11,0.12,-11.067,0,346,131.988,968
45pI8224KKX9Gx5fiyvEAh,The Blackest Day,Lana Del Rey,363,445,522,487,2,797,-8.007,1,331,107.752,162
11MyiSGZSYSmhhqwGUTtAq,Sad Girl,Lana Del Rey,539,345,587,731,5,119,-8.346,1,364,119.479,258
0iQPnK3bi7O27c5T2HBTdr,Florida Kilos,Lana Del Rey,0.28,266,513,5.98e-05,0,0.11,-7.852,1,388,200.781,579
7MtVPRGtZl6rPjMfLoI3Lh,Fuck it I love you,Lana Del Rey,895,534,452,165,9,125,-10.732,0,359,129.974,175
5USsRaiqL1RNKRm1fTJ3JM,Bartender,Lana Del Rey,924,582,102,0.0,9,174,-14.712,0,391,131.773,494
1BUckPDAi8NYfLN7EiQcQA,Fingertips,Lana Del Rey,0.92,416,185,875,5,155,-13.627,1,378,104.474,985
5Y6nVaayzitvsD5F7nr3DV,West Coast,Lana Del Rey,194,527,591,194,6,907,-7.664,0,396,123.167,461
6PnluwP0fjGnpIBsqTdUTq,Pretty When You Cry,Lana Del Rey,399,509,547,0.0,10,215,-6.548,0,417,109.436,197
7Ms58r8G6Y0r1XLtpwoGxN,Money Power Glory,Lana Del Rey,583,349,525,0.0,8,0.35,-6.829,0,451,136.762,288
70Laus6ozJIHDpfTtUSmAZ,Fucked My Way Up To The Top,Lana Del Rey,601,0.52,0.69,201,5,137,-5.919,1,554,129.839,182
1KuVEZR4xuQVNr1KkanAV4,The Other Woman,Lana Del Rey,822,255,468,248,7,339,-6.43,0,317,111.67,175
63hHlajVLQnlFMAqSyePxO,Black Beauty,Lana Del Rey,0.27,0.32,529,136,5,942,-7.595,1,436,119.898,103
0vfPEfQk0ZCHExTZ007Ryr,Guns And Roses,Lana Del Rey,0.3,533,666,862,8,115,-8.957,0,448,108.928,343
3hwQhakFwm9soLEBnSDH17,Venice Bitch,Lana Del Rey,913,368,286,177,9,99,-13.031,0,294,77.826,312
3RIgHHpnFKj5Rni1shokDj,Norman fucking Rockwell,Lana Del Rey,968,215,203,585,5,923,-12.65,1,346,78.287,143
6OG05bPAwUuV3OMvy2Vy1P,Mariners Apartment Complex,Lana Del Rey,763,531,252,133,9,104,-12.765,1,28,76.054,159
5tyMJlMqaggzvuX7TtlrTe,Love song,Lana Del Rey,966,384,701,17,9,805,-16.512,1,367,63.425,288
2mdEsXPu8ZmkHRRtAdC09e,Cinnamon Girl,Lana Del Rey,814,294,337,414,6,0.14,-10.614,0,36,91.781,135
7oTE1KmtU2ml9zBhv9Reao,California,Lana Del Rey,761,449,0.41,0.0,9,631,-8.067,0,317,123.758,195
7vRfxLcDDwgYW2WTrtEgUV,The Next Best American Record,Lana Del Rey,616,569,354,2.75e-05,2,112,-9.862,1,315,108.083,118
6ERZ30cRjVWGtVLhczX9aL,The greatest,Lana Del Rey,939,443,226,201,2,0.14,-12.507,0,359,79.142,196
3lG6OtGDsYAOALxEmubQQm,Happiness is a butterfly,Lana Del Rey,969,467,119,1.4e-06,2,973,-10.99,1,401,70.499,156
6x8g6DxglrzCSwKhv2Q1ee,Sweet,Lana Del Rey,959,305,241,185,0,158,-12.236,1,283,136.262,688
5nW4z3pfZgJAJ2QTCz9AIE,A&W,Lana Del Rey,632,429,239,389,10,116,-14.696,1,0.11,157.112,137
4fFqFgMDP9lY8tqEoArFGq,Judah Smith Interlude,Lana Del Rey,962,474,324,4.88e-05,9,231,-10.411,1,77,119.458,335
3MlEryrxCKZkcfX18ZLX96,Candy Necklace (feat. Jon Batiste),Lana Del Rey,0.87,391,0.14,432,11,917,-16.479,0,356,60.127,937
2JFVBojvTHpSZLoyowuZys,Jon Batiste Interlude,Lana Del Rey,984,0.23,0.31,604,9,685,-11.677,1,362,168.003,69
4VL310GGX3b2ixL3sV0Je8,Kintsugi,Lana Del Rey,984,419,904,48,9,243,-16.158,1,419,101.112,173
0Oqxt6JixieLHbwMfnJGWO,"Paris, Texas (feat. SYML)",Lana Del Rey,985,287,102,559,0,109,-17.529,0,334,170.253,198
4qG7hWhljsqqENL5PaLA2z,Let The Light In (feat. Father John Misty),Lana Del Rey,385,335,0.44,251,9,115,-9.748,1,275,132.449,198
4Cg9XRHLP3s5ZiQaIdL4zW,Fishtail,Lana Del Rey,948,545,225,8.7e-05,3,0.26,-15.297,1,376,89.01,666
2Rlso2ZNV0PaWwUYeeBYxx,Peppers (feat. Tommy Genesis),Lana Del Rey,618,478,526,0.15,4,0.11,-11.762,0,152,156.838,369
4qUtC2BwFC154Ha8YQRrkk,How to disappear,Lana Del Rey,613,538,304,631,9,164,-11.79,1,352,78.997,65
55LnC7VuUvayQ3fW0CvDL6,Grandfather please stand on the shoulders of my father while he's deep-sea fishing (feat. RIOPY),Lana Del Rey,935,372,218,338,8,296,-10.367,1,302,79.81,803
1NZs6n6hl8UuMaX0UC0YTz,Brooklyn Baby,Lana Del Rey,542,404,664,402,1,0.11,-6.698,1,407,107.747,949
0HEzuLLojblUOaUSdmJ9gl,Did you know that there's a tunnel under Ocean Blvd,Lana Del Rey,751,441,326,168,0,0.12,-9.381,1,299,119.999,526
6IfPyMb0Sxptpx6jBUATOS,Old Money,Lana Del Rey,888,312,168,6.59e-06,10,147,-12.476,0,332,108.115,154
0fB77VOZ2FkQeKLv1DuEwp,hope is a dangerous thing for a woman like me to have - but I have it,Lana Del Rey,964,0.49,104,0.0,4,162,-13.208,0,635,86.675,278
0Oqc0kKFsQ6MhFOLBNZIGX,Doin' Time,Lana Del Rey,404,641,559,402,7,937,-11.132,0,355,144.982,523
1o82DwNisONAd2mu1RcGE6,Margaret (feat. Bleachers),Lana Del Rey,969,0.34,245,992,9,633,-13.352,1,319,103.777,192
3KbOflJ5JqHWtmco4PiO3h,The Grants,Lana Del Rey,874,366,156,38,7,371,-12.394,1,352,121.457,131
79wgotDiVZml9PiTtNtYBA,Taco Truck x VB,Lana Del Rey,594,381,373,145,9,111,-12.206,0,598,157.911,397
7CuyDbvmIfYLPuRmdvjZh9,Nobody's Perfect,Madonna,288,0.63,605,11,7,73,-7.567,1,368,85.94,297
7hHqUAFN5ort3NXcz91fTA,Push,Madonna,151,631,0.72,1.27e-05,0,172,-6.251,1,621,96.008,717
3EdOkdjZAkSHfZJYPYJ78K,Skin,Madonna,339,572,806,832,8,681,-12.316,1,645,142.951,388
3850dYVgOFIXJh5U4BFEWH,Hung Up,Madonna,39,649,647,161,9,686,-7.695,0,452,125.02,405
2fzykVsO2Di5jnofUNX3YE,Music,Madonna,149,736,802,876,7,0.14,-8.527,1,663,119.854,871
0koDDu3iROFIM9eetHJtJU,Impressive Instant,Madonna,164,556,501,366,7,0.23,-10.267,1,502,123.975,0.46
1WhJtjou6uV9MP9xCpbGdG,Runaway Lover,Madonna,901,664,932,113,9,123,-5.983,1,66,137.898,0.48
7DQ5AJSHY0UGMoxrA4f3nv,I Deserve It,Madonna,391,613,0.39,62,7,877,-11.53,1,341,172.044,453
1yfmUYrqjMCICcOnHhriFt,Amazing,Madonna,368,563,842,472,0,101,-7.029,1,552,135.012,0.41
23EhTCPRTlLVM6VQUyh8bH,Don't Tell Me,Madonna,502,699,618,925,7,914,-7.338,1,594,99.965,679
4ohEI9gzIH5mSK6R6aUssT,What It Feels Like for a Girl,Madonna,201,0.67,627,161,8,154,-9.497,1,478,104.988,582
6SMKtnrZX1rAuChCu2W2UY,Paradise (Not for Me),Madonna,212,663,403,461,9,102,-11.252,0,385,143.671,0.34
3bce1jfYQ0yT3Y9PlitWd5,Gone,Madonna,185,0.61,381,2.45e-05,10,233,-8.757,0,25,60.937,343
1AQQ9DdpEemMVTHNz4eG9a,Get Together,Madonna,489,364,0.71,315,9,747,-7.428,0,972,123.902,284
55whbebR4olz2HHcRQa2kx,Sorry,Madonna,121,589,877,13,0,169,-6.229,0,46,132.971,443
44WTY1d9M86PEAgPZNeHHe,I Love New York,Madonna,718,0.61,894,722,9,516,-7.244,0,331,128.002,466
5HKcfvhCdIoZKzeQw2HgEe,Let It Will Be,Madonna,153,638,794,104,11,731,-6.656,0,414,129.995,441
2DuaKXVHCHSSTTeOnYSMG9,Forbidden Love,Madonna,398,596,752,144,6,385,-8.049,0,377,118.958,348
5hmRhU6fWzH0NjYmfhHjhp,Jump,Madonna,18,629,839,859,9,251,-7.061,1,899,118.979,449
2HXNn7MQBhecidoC4h6KgX,Isaac,Madonna,727,0.53,791,4.98e-06,9,189,-7.125,0,521,132.98,511
5uLLwUZfktjy3N2UorBwr8,Like It or Not,Madonna,159,703,661,846,10,111,-5.446,0,861,119.919,389
0beXeFEWUYYY13fYVHTtFk,Drowned World / Substitute for Love,Madonna,711,519,311,0.17,4,108,-12.156,1,403,139.91,135
5EozWxc0G7mMAHgQdGDlHm,Swim,Madonna,585,618,477,239,8,168,-12.823,0,347,100.488,195
4Fpsa3pYc3gozrxHRRPvR6,Ray of Light,Madonna,111,0.57,907,618,3,642,-7.822,1,302,127.183,0.7
6bZPQHvekmIFBZZB7nMB5X,Nothing Really Matters,Madonna,518,708,708,117,0,781,-6.933,1,383,116.892,253
5oqukcHWfqq7HGjyKwLX1y,Take a Bow,Madonna,417,568,366,3.39e-06,8,664,-8.854,1,258,79.98,311
0amQzI3QzlkNzlUQSLxGOP,Future Lovers,Madonna,124,543,865,649,2,872,-8.862,1,479,123.999,631
6eB4UdPtmFYzT8JEhKj5tt,Don't Stop,Madonna,227,733,789,622,4,618,-7.95,0,584,94.858,622
0u6SzAN3aBaI2v8d2GrFdG,Inside of Me,Madonna,128,706,514,247,1,678,-11.437,1,345,95.4,401
4Cna7QxOOTNnylVHLtShCi,Human Nature,Madonna,313,691,571,206,10,118,-7.737,0,347,92.528,641
5mAXJZc79Zqyclv01jCFtT,Forbidden Love,Madonna,254,599,506,6.15e-05,8,215,-9.83,0,343,74.996,504
0NaU4I4x6dGFBxaMoAFBow,Survival,Madonna,106,732,623,0.0,7,704,-9.004,1,334,94.994,736
15FcP9qwmIKqaD5NhfhNpu,Secret,Madonna,101,813,655,6.65e-05,1,146,-7.884,1,262,99.982,0.46
0R3yZfMz44HNbeALPc93XZ,I'd Rather Be Your Lover,Madonna,221,0.79,756,9.87e-05,11,114,-6.908,1,938,91.913,724
1dOXmR1VsGmkM9c72ka0je,Bedtime Story,Madonna,831,712,612,441,0,118,-12.74,1,441,112.028,526
1bldGtiBMkXpSCzAiH7j6r,Love Tried to Welcome Me,Madonna,226,694,486,161,6,241,-8.469,0,247,92.09,341
5vx8H6cFunr9wl2hhBIrvj,Sanctuary,Madonna,153,592,526,205,7,995,-12.471,1,741,170.321,416
2aGCEvfmDO7sqcQZHhq2lQ,How High,Madonna,175,659,604,34,6,669,-7.613,1,294,119.952,455
7crZfJQOb8QsLtn3LwwQLK,Candy Perfume Girl,Madonna,297,609,651,413,1,994,-11.054,0,451,97.12,0.37
3afv9TL8ixr4T9VbiKnrwe,American Pie,Madonna,348,631,734,0.0,5,135,-7.48,0,36,124.036,591
67NdrXnC8NiGfGWqzViGWA,Little Star,Madonna,486,445,602,866,1,133,-10.49,0,41,144.923,0.35
2KuNI576snW2Xlr1y8cMaW,Sky Fits Heaven,Madonna,723,526,0.57,707,10,106,-10.504,1,379,139.952,212
0gVwAMrq7nXQNYz39n0C6L,Shanti / Ashtangi,Madonna,583,638,0.77,835,11,117,-9.501,1,403,139.849,421
2II03llydk4YnkBBvoYB3B,Frozen,Madonna,661,601,617,148,1,149,-10.917,1,354,108.013,0.31
01VFDkHBNJcCNUjzD3flWg,The Power of Good-Bye,Madonna,391,468,544,741,5,175,-11.574,0,455,84.987,0.22
0koXhZM2nyHAJ6fmGWCprN,To Have and Not to Hold,Madonna,721,554,543,306,10,659,-12.417,0,356,88.035,656
2mG3ShZcT6xkKRvSrPJZus,Mer Girl,Madonna,929,329,175,545,4,106,-17.667,1,476,98.38,0.16
0Kn7x5iCYCPBZdpOx55nnX,Bye Bye Baby,Madonna,873,757,612,849,11,926,-9.986,0,356,108.619,431
2QFDd2aRBuIKakvu2A0veP,Why's It so Hard,Madonna,247,612,617,493,1,967,-9.079,1,382,80.937,238
4eMLyB1mc7onYLdoG8YSXG,Erotica,Madonna,576,639,676,434,11,0.26,-11.168,0,61,101.957,231
7CU88LgrMsY2FgNzTlg4vI,Fever,Madonna,663,778,727,193,7,923,-10.296,1,523,115.939,0.55
5Roo8xy0qjRppfwmSWWXQF,Deeper and Deeper,Madonna,613,658,818,0.28,7,336,-7.09,0,266,119.944,391
7ENlXau6NFNVaWU0hP7lbx,Where Life Begins,Madonna,257,687,716,287,2,113,-10.745,1,351,99.983,0.83
6q3mC1xoekMksBooWPvmNF,Bad Girl,Madonna,211,645,484,3.98e-06,11,495,-11.233,0,396,146.898,521
5kSWuFuOYi6hwqtHACANEm,Waiting,Madonna,187,745,622,277,10,731,-8.164,0,39,95.766,746
2iqN2cOptSHE6DZwk8MHIm,Thief of Hearts,Madonna,448,809,656,385,0,622,-8.479,1,318,117.95,461
3oVSwRxT8LX7c1fmnrWZwJ,Words,Madonna,933,711,708,608,1,114,-9.277,1,296,116.252,0.52
2htJSx3C0xF5CxMEjtZaXD,Rain,Madonna,64,594,0.61,153,10,214,-11.376,1,269,92.487,165
0Arh8PQzGKq14Ri1d25Fen,In This Life,Madonna,561,493,449,267,8,183,-10.437,0,276,146.362,852
6ANBq3oB9hCXit5P5A7Lu9,Secret Garden,Madonna,213,343,469,774,4,737,-12.144,0,732,75.579,555