spotify_id,nome,artista,acousticness,danceability,energy,instrumentalness,key,liveness,loudness,mode,speechiness,tempo,valence
3DwWbiYkm7oZ2nUnNO1Jcx,Headphones,Björk,685.0,499.0,296.0,334,11,102.0,-28.878,0,401.0,170.179,819.0
17DNqXJCKp5ku17UUvzFj9,Stonemilker,Björk,0.12,133.0,257.0,608,2,0.1,-13.545,1,317.0,82.163,501.0
0jScPW4VvJDNviR3YrPtas,Mouth Mantra,Björk,598.0,271.0,569.0,587,5,106.0,-8.174,0,544.0,76.6,133.0
1HFvDETKd9km5DRGd4DkrA,Immature - Mark Bell's Version,Björk,365.0,0.35,767.0,226,6,977.0,-7.203,0,438.0,187.953,106.0
4Ljm5JMrUZp88Uxq6qioOH,History Of Touches,Björk,797.0,255.0,143.0,0.0,1,0.18,-15.36,1,31.0,165.406,136.0
48oX55j4gqDw0G80KxzpaQ,Venus As A Boy,Björk,307.0,622.0,402.0,372,1,697.0,-11.751,1,34.0,136.261,826.0
104n46NrvCQ2qXoBWY35ch,Possibly Maybe,Björk,775.0,383.0,132.0,305,11,203.0,-17.177,1,337.0,57.476,183.0
7qaI6YnDKWOblDUwa6b5jQ,Unison,Björk,0.38,0.52,0.51,392,5,203.0,-10.984,1,465.0,147.89,212.0
6JrmglKffvzzCZCtMEdUtk,Unravel,Björk,789.0,186.0,385.0,0.0,7,157.0,-9.811,1,332.0,85.837,545.0
3nschTSboTkjPwgdbrRLyf,Joga,Björk,402.0,305.0,696.0,7.21e-05,1,741.0,-6.301,0,598.0,146.456,222.0
2w0wVOiydK5a5e5UqffWwS,Hyper-ballad,Björk,252.0,527.0,441.0,139,5,378.0,-13.034,0,33.0,134.99,354.0
1k9y7iGRJvg5Kdvd94SGTi,One Day,Björk,41.0,615.0,515.0,246,0,113.0,-13.332,1,356.0,105.175,0.19
1Y4aFRwAwE5Ghm24vaYrnR,Hidden Place,Björk,503.0,491.0,788.0,371,9,112.0,-10.357,0,156.0,149.826,422.0
2runFrIwOg5p2HZo1oymEL,There's More To Life Than This,Björk,553.0,728.0,507.0,846,7,948.0,-12.947,1,384.0,124.234,714.0
7kyQeUJ6g5GQNHUfV2f79v,Frosti,Björk,638.0,434.0,358.0,555,6,305.0,-12.814,1,347.0,147.896,154.0
1R2UhZCSxL1N4kcwa929Fu,Crying,Björk,571.0,654.0,676.0,271,4,487.0,-11.164,0,306.0,116.202,718.0
4UFQBhIOgANiBG44USIgsf,Army Of Me,Björk,815.0,0.46,0.69,7.78e-05,6,267.0,-9.225,1,34.0,172.111,491.0
5ghdg3LmJ6u8SQNDAXQ58T,Alarm Call,Björk,266.0,656.0,879.0,1.91e-06,5,901.0,-5.115,0,629.0,97.059,631.0
5qfJSItAIEndephCzfQ6Nu,Black Lake,Björk,473.0,241.0,219.0,81,3,823.0,-15.15,0,362.0,135.914,364.0
3CgRrPkrjTeBH4a9JlcCVZ,All Is Full Of Love - Howie's Version,Björk,666.0,146.0,318.0,3.8e-05,11,111.0,-9.392,1,376.0,138.227,364.0
0XFWWQ2Csze69J9oIC88RS,Heirloom,Björk,268.0,577.0,369.0,549,7,787.0,-11.618,0,477.0,179.816,497.0
45Ok4AREEWfPIBZ4ylCXK7,It's Oh So Quiet,Björk,662.0,467.0,0.13,0.0,5,711.0,-14.154,0,513.0,127.559,231.0
1iBP7S79utGK7w8ud2GwwD,Aeroplane,Björk,863.0,638.0,0.29,324,7,146.0,-14.053,1,311.0,104.634,138.0
05meZdvKNj4FBxNbdMgpT6,Isobel,Björk,651.0,593.0,564.0,318,9,113.0,-11.237,1,299.0,100.039,182.0
7ESAiaiNmtWh7bzqJpCGxU,Aurora,Björk,0.37,568.0,581.0,2.73e-05,9,814.0,-8.319,0,341.0,120.006,278.0
2x9arVHUqJjyGCcIhiPWGY,The Anchor Song,Björk,935.0,424.0,294.0,0.0,0,621.0,-14.807,1,679.0,173.615,391.0
0zgPZSkp20PSuyToQ0lZ0h,Pluto,Björk,271.0,611.0,0.83,368,8,808.0,-4.578,1,182.0,147.996,262.0
66KzeZCQCe1dUl13nCasOv,Violently Happy,Björk,266.0,692.0,0.61,819,7,128.0,-14.426,1,496.0,120.334,252.0
52LVnKB4Vs9XMi4rm4StNT,It's Not Up To You,Björk,586.0,561.0,438.0,204,6,588.0,-12.414,0,574.0,79.928,312.0
7gZ03tXzYAfKpRovt1nMUU,Atom Dance,Björk,0.59,545.0,0.41,169,5,362.0,-10.062,1,525.0,136.0,355.0
7CfR16ahj7mi6OwTZaPBri,Cocoon,Björk,635.0,794.0,0.37,111,1,109.0,-14.897,1,526.0,127.882,112.0
6e2DqJ8wXuS3e5zuBPaHGL,"An Echo, A Stain",Björk,0.58,351.0,512.0,193,2,858.0,-13.353,1,687.0,127.913,729.0
2s3mDbXJ6sqh1IP7yw5aEl,Cover Me,Björk,939.0,366.0,296.0,603,9,652.0,-22.515,0,426.0,89.763,282.0
2uMm657euPoE7Vgaukuupl,Pagan Poetry,Björk,505.0,521.0,459.0,7.91e-06,1,868.0,-8.231,0,295.0,132.022,179.0
0NdYYigNfQqzL0k0ZxAlPQ,Notget,Björk,504.0,309.0,573.0,729,9,88.0,-12.629,0,0.36,178.769,218.0
2dkeRnIM7fXKBkkHvkz91v,Like Someone In Love,Björk,965.0,394.0,152.0,5.9e-05,7,166.0,-14.953,1,394.0,70.058,777.0
6txguGr32i8SpgZ4KEKQQG,Bachelorette,Björk,57.0,442.0,911.0,9.27e-06,0,103.0,-4.358,0,738.0,96.925,347.0
6YoNajB4BxG971cu0Q1BoE,You've Been Flirting Again,Björk,951.0,179.0,517.0,365,5,121.0,-21.043,1,412.0,103.297,0.17
4BIbhfDK6x80KpyR7g6gze,Family,Björk,892.0,175.0,286.0,266,8,112.0,-13.01,0,379.0,78.215,391.0
6MYYN85MjM7TARWshRwjyW,Human Behaviour,Björk,448.0,687.0,635.0,274,2,968.0,-14.667,1,366.0,109.453,547.0
3mmB2OL6YP2FwMR6eQ5mp5,5 Years,Björk,159.0,467.0,897.0,168,5,288.0,-5.974,1,359.0,82.899,496.0
4mhuw0kAHPdZeidq1UIAQP,Sun In My Mouth,Björk,746.0,254.0,281.0,1.33e-05,10,786.0,-11.012,0,286.0,89.722,163.0
0A6clrj2p2v17FxInnPhP9,De Volta ao Comeco,Gal Costa,425.0,438.0,285.0,9.42e-05,10,0.18,-17.165,1,414.0,172.897,0.36
1jS40a1EenwV8LbkFJ7N4r,Solar,Gal Costa,789.0,489.0,0.33,4.35e-06,4,158.0,-13.867,0,369.0,105.93,158.0
5fW1ZkE0ze8v5J7fp82XaV,Serene,Gal Costa,946.0,491.0,0.09,212,0,926.0,-17.322,1,347.0,134.607,135.0
6eEO2Kdb1A5GuE38HF8DlG,Sutis Diferencas,Gal Costa,524.0,535.0,644.0,119,8,288.0,-11.584,0,48.0,107.776,402.0
2GwtezywVBW9LQkupMBjY2,Lavagem Do Bonfim,Gal Costa,505.0,771.0,633.0,469,7,103.0,-9.399,0,354.0,90.054,0.9
49U4mc1sXfZlMoGeFpDmYP,Rumba Louca,Gal Costa,289.0,734.0,788.0,0.0,7,346.0,-9.466,1,111.0,106.972,895.0
0OF14BivUjlWIsSkM8YkID,Estrada Do Sol,Gal Costa,612.0,437.0,289.0,0.0,0,739.0,-14.636,1,321.0,146.338,358.0
6sKopGG4r21ObTE8V6pD6x,Forca Estranha,Gal Costa,0.87,0.6,0.12,0.0,7,88.0,-12.805,1,502.0,60.761,439.0
02I5U6Hwv0jojcoJaFYPw5,Dez Anos,Gal Costa,714.0,542.0,505.0,3.92e-06,5,294.0,-12.265,1,657.0,111.208,657.0
3JrC6XLT4pa4VVUljeQh0u,Gratitude,Gal Costa,953.0,476.0,513.0,2.01e-06,2,113.0,-17.153,1,35.0,78.418,151.0
7bYWRdWnk84hsTj9h7kvad,Bahia De Todas As Contas,Gal Costa,417.0,737.0,0.7,8.57e-05,5,148.0,-12.0,1,947.0,103.609,878.0
6wXKVwv9OBiiEOS5W3Ylhw,Noites Cariocas (Minhas Noites Sem Sono),Gal Costa,407.0,513.0,668.0,0.0,11,101.0,-12.475,0,996.0,177.433,914.0
14HD3dj9wrZt4cFqxVF9Ns,Grande Final,Gal Costa,302.0,533.0,697.0,0.0,7,638.0,-10.421,0,199.0,140.573,728.0
04O9xGFtrICRAkCvCeB2Xq,Bumbo Da Mangueira,Gal Costa,445.0,773.0,758.0,264,4,819.0,-10.494,1,665.0,95.854,968.0
2dTsalEmqS8N8dQ4FRCGEC,Sim Ou Nao,Gal Costa,528.0,405.0,409.0,2.34e-06,1,203.0,-10.408,1,289.0,119.105,157.0
6hZ3kkJiTkjd2Y1jjZa8oT,Topazio,Gal Costa,747.0,565.0,304.0,1.39e-05,4,133.0,-15.922,0,376.0,85.554,297.0
2H7I1wNok0IoFILmJlW5zn,Nuvem Negra,Gal Costa,576.0,721.0,184.0,0.0,9,112.0,-17.424,0,442.0,138.381,582.0
6SipVtMYeSuZqhpcodHKtU,Onde Esta o Dinheiro,Gal Costa,129.0,687.0,744.0,327,3,135.0,-11.523,1,412.0,147.322,962.0
2FcTHT7YIsJuJNbVYk3n19,Juventude Transviada,Gal Costa,305.0,741.0,482.0,0.0,2,108.0,-11.966,1,845.0,107.776,407.0
052aelzpn96BiGSHLfblmZ,O Bater Do Tambor,Gal Costa,972.0,473.0,668.0,0.0,1,344.0,-10.787,0,216.0,144.322,868.0
19eQAAUdPF6NQdg7k58VEc,Atras da Luminosidade,Gal Costa,869.0,646.0,789.0,1.8e-06,11,382.0,-13.1,1,682.0,147.193,881.0
0YU75pIqd8tlI7UdYOiTJ9,O Revolver Do Meu Sonho,Gal Costa,819.0,596.0,665.0,25,4,237.0,-12.35,1,325.0,140.806,773.0
6gyktdYvwcxqlLt69yP9ty,De Flor Em Flor,Gal Costa,786.0,473.0,443.0,0.0,7,201.0,-12.16,1,461.0,77.509,426.0
4sNur9bZAPcDU9PonsqQwM,Chuva de Prata (feat Roupa Nova),Gal Costa,617.0,741.0,333.0,161,0,724.0,-16.235,1,331.0,116.966,524.0
6jBbwohnRTLJTATcHNXrIX,A Preta Do Acaraje,Gal Costa,0.63,447.0,443.0,0.0,9,102.0,-13.699,0,247.0,97.181,371.0
1WnuBytsKyK75FtGPRLIML,Mae da Manha,Gal Costa,862.0,681.0,165.0,6.14e-06,2,924.0,-13.177,0,356.0,93.51,0.48
5bdLUAp16jcUei1U3vXBNG,Voce e Voce,Gal Costa,751.0,469.0,191.0,1.07e-05,2,174.0,-12.614,1,392.0,183.86,475.0
2c0AOHqobxdAzsMCqANu7V,Nada Mais (Lately),Gal Costa,741.0,325.0,126.0,4.59e-06,5,516.0,-16.558,1,314.0,75.914,108.0
1sJ4kZlieB05DnNYCFN1Jw,Erratica,Gal Costa,955.0,564.0,683.0,1.65e-06,5,917.0,-15.39,1,428.0,110.096,213.0
2swRPS7Kri7xGXJFjZSanu,Samba Rasgado,Gal Costa,478.0,672.0,709.0,0.0,1,413.0,-13.132,0,165.0,103.163,0.94
1DIC7C6GzE9S7tqwsUkdMp,India,Gal Costa,0.51,457.0,0.18,0.0,2,124.0,-15.707,1,343.0,97.725,463.0
2yxjJdeGee4MXk1JV474Jv,Ave Nossa,Gal Costa,0.3,0.67,417.0,0.0,2,121.0,-16.812,1,168.0,104.841,566.0
3hYtvPSovBfIytGGydzJsZ,Alcohol,Gal Costa,115.0,819.0,821.0,2,7,442.0,-7.642,1,749.0,95.406,0.81
3myEwOVzxFHy35whbExH85,Groupie / Musicas Incidentais,Gal Costa,722.0,444.0,441.0,297,5,512.0,-16.332,1,893.0,114.161,644.0
7bABDpHPCPc55rCBnjmljA,Meu Nome E Gal,Gal Costa,904.0,643.0,769.0,16,7,781.0,-10.928,0,0.1,95.481,845.0
2XNOX43RojgKRDjm0nLLL7,Olha,Gal Costa,566.0,687.0,479.0,7.09e-05,2,122.0,-14.132,1,277.0,106.112,0.48
1EJYIZO30gA9EMFWp3ShGe,Cabeca Feita/Tililingo/Tem Pouca Diferenca,Gal Costa,177.0,0.56,702.0,0.0,4,375.0,-13.403,1,254.0,114.242,819.0
6OwTwISVd3Nfk9CaXIEUg2,"Bahia, Minha Preta",Gal Costa,326.0,747.0,591.0,204,2,163.0,-10.26,1,397.0,89.345,961.0
5LUvxwjUfv42t4Y6uXZoU3,Musa Cabolca,Gal Costa,679.0,738.0,485.0,247,2,117.0,-13.208,1,381.0,96.524,858.0
4HjOHnfZDnI8GBX58g4eZb,Olhos Do Coracao,Gal Costa,679.0,586.0,604.0,2.25e-06,4,112.0,-10.792,0,618.0,129.83,839.0
7DqPokh94js5rJUQf1mMtV,Eu Vou Lhe Avisar,Gal Costa,102.0,807.0,625.0,4.07e-05,5,105.0,-11.132,1,425.0,93.243,945.0
2m1G38M0gJuE4aVPh0tmIP,Balance,Gal Costa,849.0,638.0,736.0,0.0,9,333.0,-10.536,1,811.0,144.823,881.0
1gsQwdI6ypBnFFZEyH6mtV,Chao Da Praca,Ivete Sangalo,433.0,546.0,722.0,0.0,9,0.94,-11.453,0,317.0,161.996,424.0
3kw8L1DTHXvK9EKezZisQ4,Nao Vou Ficar,Ivete Sangalo,209.0,659.0,0.91,1,7,0.93,-5.989,1,891.0,100.04,621.0
2oh9IhwPLdMxtMmyKFZNcj,Flor Do Reggae,Ivete Sangalo,121.0,614.0,791.0,1.78e-05,1,699.0,-8.774,1,459.0,164.454,811.0
5jrWBkRdP2Skh2A1HTX3JX,So Pra Me Ver,Ivete Sangalo,398.0,724.0,863.0,0.0,4,662.0,-8.563,0,103.0,116.356,666.0
0ITuYOPXILRdfMovdjwfPI,Brasileiro,Ivete Sangalo,164.0,515.0,989.0,9.97e-05,6,795.0,-5.754,1,185.0,138.787,132.0
4NIss4KWIchNRtl6nczMh4,Meu Segredo,Ivete Sangalo,318.0,634.0,0.87,116,8,386.0,-5.742,0,661.0,82.033,613.0
1Z1XFWR9jucE8mmxkEP7tP,Nao Quero Dinheiro (So Quero Amar),Ivete Sangalo,368.0,539.0,959.0,0.0,7,691.0,-7.097,1,188.0,149.99,418.0
3Oz2ATj3mLwmWxxSRfF6zz,Carro Velho,Ivete Sangalo,242.0,484.0,916.0,2.37e-06,11,853.0,-8.051,0,385.0,170.727,334.0
2NTomSh86Fy6iHf4DSf49g,Nao Precisa Mudar,Ivete Sangalo,577.0,529.0,828.0,1.47e-05,0,467.0,-7.118,1,362.0,90.048,675.0
6K8w0i3YFNxWqOUoUqPgaV,Dancando,Ivete Sangalo,133.0,847.0,825.0,298,7,698.0,-5.07,1,688.0,114.004,0.86
6ZSMAODYXf8rPUXktvvDOh,Na Base Do Beijo,Ivete Sangalo,216.0,518.0,962.0,0.0,6,521.0,-5.162,1,217.0,158.088,0.51
38D6jO7JDx9nOB7KVNwr64,Faz Tempo,Ivete Sangalo,488.0,641.0,632.0,0.0,9,923.0,-9.681,1,459.0,90.305,521.0
1GL59ECaARDtGYRcFPAz2o,Dancando,Ivete Sangalo,159.0,0.84,818.0,2.91e-05,11,648.0,-5.457,0,73.0,114.039,824.0
19n5IEk5Spg5qearFSCi4a,Dengo de Amor - Live,Ivete Sangalo,504.0,515.0,875.0,9.35e-05,7,366.0,-5.694,1,702.0,126.66,906.0
04tq46OmNGxlTXSooi5hyq,Darte,Ivete Sangalo,463.0,633.0,806.0,0.0,7,927.0,-5.327,0,964.0,98.03,471.0
1lvAO9CiPHVfvpKjFYWW4y,Berimbau Metalizado,Ivete Sangalo,182.0,719.0,948.0,6.64e-06,11,617.0,-5.036,0,103.0,93.974,676.0
71UV2drV7lEjS6p4Qu316j,Acelera Ae (Noite Do Bem),Ivete Sangalo,179.0,617.0,978.0,5.94e-05,1,968.0,-4.195,1,0.12,139.983,452.0
4S0qALW1vuLPiGiWGMh0oV,Vem Meu Amor / Nossa Gente (Avisa La),Ivete Sangalo,351.0,0.54,821.0,0.0,11,986.0,-8.836,0,128.0,164.474,741.0
72k3AHRLMfr00Ze0WIHxQW,Corazon Partio - Live,Ivete Sangalo,0.67,374.0,852.0,0.0,5,775.0,-7.333,1,804.0,86.023,629.0
3kLTtSt4YY4aTztR7u3Uyb,Colecao,Ivete Sangalo,676.0,413.0,239.0,4.99e-05,7,962.0,-18.155,1,406.0,127.299,215.0
3XFcR5aTojLGMMSsIKeHTx,Eva (Eva) / Alo Paixao / Beleza Rara,Ivete Sangalo,182.0,578.0,895.0,4.34e-06,11,701.0,-8.07,0,103.0,102.367,0.37
7c5ABhymTi0uT61a1eynjn,Festa / Sorte Grande,Ivete Sangalo,594.0,575.0,936.0,127,2,971.0,-5.484,1,785.0,148.028,545.0
2WU2YyhtHu3oXBrMwOiYSQ,Real Fantasia,Ivete Sangalo,66.0,622.0,891.0,0.0,6,483.0,-5.353,0,62.0,166.072,717.0
65j3soE7ndZAMaJMLe6GoV,So Nos Dois,Ivete Sangalo,703.0,675.0,945.0,343,10,253.0,-5.236,0,511.0,124.0,759.0
6BHXoRwNkMvZKk27V4cldT,Pensando Em Nos Dois,Ivete Sangalo,481.0,595.0,922.0,3.08e-06,2,924.0,-5.478,1,202.0,98.01,434.0
5lBweAA2AT4ZQ07DPHBMqR,Arere,Ivete Sangalo,365.0,488.0,841.0,0.0,11,978.0,-11.903,1,119.0,169.923,0.43
0tJLdEUX62lwlG6H87DHTO,"Empurra, Empurra ",Ivete Sangalo,145.0,551.0,886.0,0.0,2,982.0,-8.246,1,169.0,175.532,737.0
4qPCEJ3WOxnTEY8yy2BhWQ,Festa,Ivete Sangalo,353.0,658.0,882.0,1.03e-06,7,942.0,-8.191,1,148.0,142.062,567.0
3PGWF5SbnOfilzGb505vwN,Chica Chica Boom Chic,Ivete Sangalo,277.0,728.0,0.84,5.54e-05,7,771.0,-8.167,1,597.0,106.317,779.0
6Oxtjoy16x6u0pSGzAcQjr,Vejo O Sol E A Lua,Ivete Sangalo,222.0,733.0,846.0,0.0,9,231.0,-5.049,1,48.0,93.978,856.0
57R1ZYonOLmq8UQnrk6vcq,Nosso Sonho / Conquista / Poder - Medley/Live,Ivete Sangalo,158.0,646.0,862.0,0.0,0,828.0,-8.199,1,335.0,134.041,882.0
3VSAAasWUy69PgX19tsWUx,Pra Falar De Voce,Ivete Sangalo,436.0,639.0,941.0,4.64e-05,5,948.0,-5.445,1,117.0,158.024,723.0
2rVX5xmlOcjKY9dNSRrWM5,A Lua Q Eu T Dei,Ivete Sangalo,652.0,0.48,526.0,6.26e-06,0,971.0,-9.586,0,386.0,120.402,274.0
7lmR92qnBmn24Nykw8dCYI,Astral,Ivete Sangalo,237.0,643.0,837.0,2.67e-05,0,679.0,-8.424,1,952.0,114.3,594.0
2Fbcy5UiPifNNi25DtdPIi,Berimbau Metalizado,Ivete Sangalo,347.0,692.0,938.0,1.51e-05,11,983.0,-6.689,0,772.0,90.0,808.0
5EybGru1QEuwXMDFjBoOCT,Me Levem Embora,Ivete Sangalo,952.0,336.0,262.0,3,5,124.0,-11.462,1,305.0,86.922,255.0
15npfKQYgJ0cgZDqyB3RyY,Sorte Grande,Ivete Sangalo,951.0,519.0,886.0,3.35e-05,4,0.74,-7.931,0,105.0,148.465,0.42
0989mSE1CqgEmRekhhDHPL,Bota Pra Ferver,Ivete Sangalo,368.0,484.0,948.0,495,0,988.0,-6.113,0,864.0,172.021,721.0
4GxKaxGne8yZAT3DEC0qVR,Pais Tropical / Arere / Taj Mahal,Ivete Sangalo,215.0,533.0,947.0,4.88e-06,4,928.0,-6.351,1,156.0,172.951,607.0
2JCJo2D4iPQYZejfeUmYBj,Quando A Chuva Passar - Live,Ivete Sangalo,621.0,445.0,636.0,6.31e-06,9,961.0,-8.773,0,337.0,75.014,327.0
2LJj9BXps4Sk1hPpAfsvaM,Human Nature,Ivete Sangalo,295.0,579.0,887.0,0.0,5,767.0,-4.941,1,564.0,92.918,609.0
5tf5sk7EzxDzC8yU0HHOss,Cade Dalila,Ivete Sangalo,824.0,352.0,921.0,0.0,1,0.83,-5.045,1,155.0,172.359,486.0
5SzoFexynLVceTLggJTZZM,Blue Velvet,Lana Del Rey,812.0,189.0,317.0,719,10,214.0,-8.631,1,28.0,84.809,251.0
4VSg5K1hnbmIg4PwRdY6wV,Shades Of Cool,Lana Del Rey,554.0,262.0,482.0,161,2,244.0,-6.863,0,302.0,137.918,878.0
1FaHPLv48VjsTkPCQOH7bv,Carmen,Lana Del Rey,98.0,524.0,427.0,273,1,129.0,-9.57,0,297.0,100.024,379.0
3lG6OtGDsYAOALxEmubQQm,Happiness is a butterfly,Lana Del Rey,969.0,467.0,119.0,1.4e-06,2,973.0,-10.99,1,401.0,70.499,156.0
44JxL1qNXXQYniZ5T3MUs9,Terrence Loves You,Lana Del Rey,975.0,296.0,0.25,187,7,988.0,-10.088,1,314.0,102.031,898.0
4Ouhoi2lAhrLJKFzUqEzwl,Born To Die,Lana Del Rey,222.0,428.0,626.0,8.22e-05,4,277.0,-6.639,0,339.0,86.02,379.0
1DYRRZ5rSlc1PopnB7azLZ,Swan Song,Lana Del Rey,636.0,0.34,361.0,421,1,259.0,-11.567,0,294.0,81.765,392.0
34rRFl0bz9PocxWuO2ca5J,Music To Watch Boys To,Lana Del Rey,713.0,0.4,494.0,334,1,238.0,-8.04,0,367.0,132.016,134.0
2vtmY2mSccRzKGjtcHSzI3,Diet Mountain Dew,Lana Del Rey,276.0,595.0,696.0,0.0,10,411.0,-5.921,0,417.0,88.013,533.0
0fB77VOZ2FkQeKLv1DuEwp,hope is a dangerous thing for a woman like me to have - but I have it,Lana Del Rey,964.0,0.49,104.0,0.0,4,162.0,-13.208,0,635.0,86.675,278.0
7Ms58r8G6Y0r1XLtpwoGxN,Money Power Glory,Lana Del Rey,583.0,349.0,525.0,0.0,8,0.35,-6.829,0,451.0,136.762,288.0
0iq0P0HYtpChhUNH5KuqQK,Don't Let Me Be Misunderstood,Lana Del Rey,316.0,327.0,351.0,5.93e-06,9,107.0,-10.488,0,327.0,80.386,63.0
6OG05bPAwUuV3OMvy2Vy1P,Mariners Apartment Complex,Lana Del Rey,763.0,531.0,252.0,133,9,104.0,-12.765,1,28.0,76.054,159.0
3MlEryrxCKZkcfX18ZLX96,Candy Necklace (feat. Jon Batiste),Lana Del Rey,0.87,391.0,0.14,432,11,917.0,-16.479,0,356.0,60.127,937.0
0Oqxt6JixieLHbwMfnJGWO,"Paris, Texas (feat. SYML)",Lana Del Rey,985.0,287.0,102.0,559,0,109.0,-17.529,0,334.0,170.253,198.0
7E8A5k5VOhPmt6pGPDJhxQ,Bel Air,Lana Del Rey,864.0,346.0,0.42,875,2,901.0,-11.506,0,298.0,83.56,303.0
14Oj2lH9MMI761zeGgnsyR,Burnt Norton - Interlude,Lana Del Rey,0.9,0.28,304.0,806,8,135.0,-18.57,1,359.0,85.765,523.0
3sYDVtqO35oRSOIMx7dOqR,Freak,Lana Del Rey,269.0,287.0,0.43,579,5,0.32,-10.014,0,33.0,93.984,109.0
7MtVPRGtZl6rPjMfLoI3Lh,Fuck it I love you,Lana Del Rey,895.0,534.0,452.0,165,9,125.0,-10.732,0,359.0,129.974,175.0
24h1notzzKOcLZSdRYa7yn,Lucky Ones,Lana Del Rey,778.0,375.0,416.0,2.48e-06,0,0.23,-7.149,1,283.0,134.923,271.0
4uhSo9cVBVpdDCNxf4MBaP,Gods & Monsters,Lana Del Rey,193.0,352.0,725.0,2.73e-06,8,0.22,-6.463,0,656.0,189.767,339.0
21qg0IBZf8R12qHd9A3AA4,Salvatore,Lana Del Rey,675.0,304.0,311.0,195,11,0.12,-9.647,0,344.0,117.68,115.0
6ayKgleoMF26lvU1Z7wVm7,Cruel World,Lana Del Rey,274.0,0.33,507.0,4.65e-06,5,122.0,-6.368,0,339.0,122.164,177.0
4qG7hWhljsqqENL5PaLA2z,Let The Light In (feat. Father John Misty),Lana Del Rey,385.0,335.0,0.44,251,9,115.0,-9.748,1,275.0,132.449,198.0
1KuVEZR4xuQVNr1KkanAV4,The Other Woman,Lana Del Rey,822.0,255.0,468.0,248,7,339.0,-6.43,0,317.0,111.67,175.0
5Y6nVaayzitvsD5F7nr3DV,West Coast,Lana Del Rey,194.0,527.0,591.0,194,6,907.0,-7.664,0,396.0,123.167,461.0
5tyMJlMqaggzvuX7TtlrTe,Love song,Lana Del Rey,966.0,384.0,701.0,17,9,805.0,-16.512,1,367.0,63.425,288.0
4RyK6N4IQ85xxLgguQAFH5,Blue Jeans,Lana Del Rey,418.0,558.0,837.0,0.0,3,821.0,-4.405,1,633.0,117.963,488.0
1Lw2xRuW5fcieRPfoskgog,This Is What Makes Us Girls,Lana Del Rey,904.0,534.0,842.0,388,2,203.0,-7.031,0,925.0,138.004,441.0
302ZEWd1TDXvA4PLz0UQhj,24,Lana Del Rey,782.0,284.0,372.0,183,8,103.0,-9.821,0,356.0,98.181,853.0
4fFqFgMDP9lY8tqEoArFGq,Judah Smith Interlude,Lana Del Rey,962.0,474.0,324.0,4.88e-05,9,231.0,-10.411,1,77.0,119.458,335.0
5ZyM4VMzHSaz8OlIZRuZBH,Body Electric,Lana Del Rey,466.0,245.0,492.0,0.0,1,851.0,-9.397,0,593.0,167.7,104.0
79wgotDiVZml9PiTtNtYBA,Taco Truck x VB,Lana Del Rey,594.0,381.0,373.0,145,9,111.0,-12.206,0,598.0,157.911,397.0
45pI8224KKX9Gx5fiyvEAh,The Blackest Day,Lana Del Rey,363.0,445.0,522.0,487,2,797.0,-8.007,1,331.0,107.752,162.0
7cNz65PfCatRXoX7QtqM2A,National Anthem,Lana Del Rey,531.0,532.0,899.0,146,0,957.0,-5.935,0,244.0,85.0,436.0
5nW4z3pfZgJAJ2QTCz9AIE,A&W,Lana Del Rey,632.0,429.0,239.0,389,10,116.0,-14.696,1,0.11,157.112,137.0
1Yh4lOCbcskjSfYPDnn7EW,Religion,Lana Del Rey,813.0,416.0,459.0,428,9,102.0,-9.977,0,366.0,135.689,175.0
55LnC7VuUvayQ3fW0CvDL6,Grandfather please stand on the shoulders of my father while he's deep-sea fishing (feat. RIOPY),Lana Del Rey,935.0,372.0,218.0,338,8,296.0,-10.367,1,302.0,79.81,803.0
3I5azi0831uNpYQsfYsW7G,Cola,Lana Del Rey,699.0,298.0,668.0,2.44e-05,1,0.59,-5.536,0,478.0,110.063,121.0
2mdEsXPu8ZmkHRRtAdC09e,Cinnamon Girl,Lana Del Rey,814.0,294.0,337.0,414,6,0.14,-10.614,0,36.0,91.781,135.0
6PnluwP0fjGnpIBsqTdUTq,Pretty When You Cry,Lana Del Rey,399.0,509.0,547.0,0.0,10,215.0,-6.548,0,417.0,109.436,197.0
6g4RVB6qiuySTw9FCV1HEM,Without You,Lana Del Rey,636.0,586.0,593.0,131,6,115.0,-8.394,1,329.0,111.942,668.0
0R3yZfMz44HNbeALPc93XZ,I'd Rather Be Your Lover,Madonna,221.0,0.79,756.0,9.87e-05,11,114.0,-6.908,1,938.0,91.913,724.0
23EhTCPRTlLVM6VQUyh8bH,Don't Tell Me,Madonna,502.0,699.0,618.0,925,7,914.0,-7.338,1,594.0,99.965,679.0
2II03llydk4YnkBBvoYB3B,Frozen,Madonna,661.0,601.0,617.0,148,1,149.0,-10.917,1,354.0,108.013,0.31
3bce1jfYQ0yT3Y9PlitWd5,Gone,Madonna,185.0,0.61,381.0,2.45e-05,10,233.0,-8.757,0,25.0,60.937,343.0
5uLLwUZfktjy3N2UorBwr8,Like It or Not,Madonna,159.0,703.0,661.0,846,10,111.0,-5.446,0,861.0,119.919,389.0
0amQzI3QzlkNzlUQSLxGOP,Future Lovers,Madonna,124.0,543.0,865.0,649,2,872.0,-8.862,1,479.0,123.999,631.0
2aGCEvfmDO7sqcQZHhq2lQ,How High,Madonna,175.0,659.0,604.0,34,6,669.0,-7.613,1,294.0,119.952,455.0
2QFDd2aRBuIKakvu2A0veP,Why's It so Hard,Madonna,247.0,612.0,617.0,493,1,967.0,-9.079,1,382.0,80.937,238.0
7CU88LgrMsY2FgNzTlg4vI,Fever,Madonna,663.0,778.0,727.0,193,7,923.0,-10.296,1,523.0,115.939,0.55
0koXhZM2nyHAJ6fmGWCprN,To Have and Not to Hold,Madonna,721.0,554.0,543.0,306,10,659.0,-12.417,0,356.0,88.035,656.0
3oVSwRxT8LX7c1fmnrWZwJ,Words,Madonna,933.0,711.0,708.0,608,1,114.0,-9.277,1,296.0,116.252,0.52
6ANBq3oB9hCXit5P5A7Lu9,Secret Garden,Madonna,213.0,343.0,469.0,774,4,737.0,-12.144,0,732.0,75.579,555.0
55whbebR4olz2HHcRQa2kx,Sorry,Madonna,121.0,589.0,877.0,13,0,169.0,-6.229,0,46.0,132.971,443.0
2iqN2cOptSHE6DZwk8MHIm,Thief of Hearts,Madonna,448.0,809.0,656.0,385,0,622.0,-8.479,1,318.0,117.95,461.0
01VFDkHBNJcCNUjzD3flWg,The Power of Good-Bye,Madonna,391.0,468.0,544.0,741,5,175.0,-11.574,0,455.0,84.987,0.22
1AQQ9DdpEemMVTHNz4eG9a,Get Together,Madonna,489.0,364.0,0.71,315,9,747.0,-7.428,0,972.0,123.902,284.0
0Arh8PQzGKq14Ri1d25Fen,In This Life,Madonna,561.0,493.0,449.0,267,8,183.0,-10.437,0,276.0,146.362,852.0
1bldGtiBMkXpSCzAiH7j6r,Love Tried to Welcome Me,Madonna,226.0,694.0,486.0,161,6,241.0,-8.469,0,247.0,92.09,341.0
0u6SzAN3aBaI2v8d2GrFdG,Inside of Me,Madonna,128.0,706.0,514.0,247,1,678.0,-11.437,1,345.0,95.4,401.0
0koDDu3iROFIM9eetHJtJU,Impressive Instant,Madonna,164.0,556.0,501.0,366,7,0.23,-10.267,1,502.0,123.975,0.46
3850dYVgOFIXJh5U4BFEWH,Hung Up,Madonna,39.0,649.0,647.0,161,9,686.0,-7.695,0,452.0,125.02,405.0
7DQ5AJSHY0UGMoxrA4f3nv,I Deserve It,Madonna,391.0,613.0,0.39,62,7,877.0,-11.53,1,341.0,172.044,453.0
5HKcfvhCdIoZKzeQw2HgEe,Let It Will Be,Madonna,153.0,638.0,794.0,104,11,731.0,-6.656,0,414.0,129.995,441.0
7ENlXau6NFNVaWU0hP7lbx,Where Life Begins,Madonna,257.0,687.0,716.0,287,2,113.0,-10.745,1,351.0,99.983,0.83
0Kn7x5iCYCPBZdpOx55nnX,Bye Bye Baby,Madonna,873.0,757.0,612.0,849,11,926.0,-9.986,0,356.0,108.619,431.0
5Roo8xy0qjRppfwmSWWXQF,Deeper and Deeper,Madonna,613.0,658.0,818.0,0.28,7,336.0,-7.09,0,266.0,119.944,391.0
5kSWuFuOYi6hwqtHACANEm,Waiting,Madonna,187.0,745.0,622.0,277,10,731.0,-8.164,0,39.0,95.766,746.0
2mG3ShZcT6xkKRvSrPJZus,Mer Girl,Madonna,929.0,329.0,175.0,545,4,106.0,-17.667,1,476.0,98.38,0.16
0beXeFEWUYYY13fYVHTtFk,Drowned World / Substitute for Love,Madonna,711.0,519.0,311.0,0.17,4,108.0,-12.156,1,403.0,139.91,135.0
4Fpsa3pYc3gozrxHRRPvR6,Ray of Light,Madonna,111.0,0.57,907.0,618,3,642.0,-7.822,1,302.0,127.183,0.7
2HXNn7MQBhecidoC4h6KgX,Isaac,Madonna,727.0,0.53,791.0,4.98e-06,9,189.0,-7.125,0,521.0,132.98,511.0
3EdOkdjZAkSHfZJYPYJ78K,Skin,Madonna,339.0,572.0,806.0,832,8,681.0,-12.316,1,645.0,142.951,388.0
0gVwAMrq7nXQNYz39n0C6L,Shanti / Ashtangi,Madonna,583.0,638.0,0.77,835,11,117.0,-9.501,1,403.0,139.849,421.0
5hmRhU6fWzH0NjYmfhHjhp,Jump,Madonna,18.0,629.0,839.0,859,9,251.0,-7.061,1,899.0,118.979,449.0
1yfmUYrqjMCICcOnHhriFt,Amazing,Madonna,368.0,563.0,842.0,472,0,101.0,-7.029,1,552.0,135.012,0.41
0NaU4I4x6dGFBxaMoAFBow,Survival,Madonna,106.0,732.0,623.0,0.0,7,704.0,-9.004,1,334.0,94.994,736.0
5vx8H6cFunr9wl2hhBIrvj,Sanctuary,Madonna,153.0,592.0,526.0,205,7,995.0,-12.471,1,741.0,170.321,416.0
2fzykVsO2Di5jnofUNX3YE,Music,Madonna,149.0,736.0,802.0,876,7,0.14,-8.527,1,663.0,119.854,871.0
6SMKtnrZX1rAuChCu2W2UY,Paradise (Not for Me),Madonna,212.0,663.0,403.0,461,9,102.0,-11.252,0,385.0,143.671,0.34
6q3mC1xoekMksBooWPvmNF,Bad Girl,Madonna,211.0,645.0,484.0,3.98e-06,11,495.0,-11.233,0,396.0,146.898,521.0
7hHqUAFN5ort3NXcz91fTA,Push,Madonna,151.0,631.0,0.72,1.27e-05,0,172.0,-6.251,1,621.0,96.008,717.0
5oqukcHWfqq7HGjyKwLX1y,Take a Bow,Madonna,417.0,568.0,366.0,3.39e-06,8,664.0,-8.854,1,258.0,79.98,311.0
